Date,Time,Temperature,Dew Point,Humidity,Wind,Wind Speed,Wind Gust,Pressure,Precip.,Condition
2023-03-02,12:00 AM,50 °F,36 °F,58 °%,NE,11 °mph,0 °mph,30.42 °in,0.0 °in,Partly Cloudy
2023-03-02,12:30 AM,50 °F,36 °F,58 °%,ENE,9 °mph,0 °mph,30.42 °in,0.0 °in,Partly Cloudy
2023-03-02,1:00 AM,50 °F,34 °F,54 °%,NE,9 °mph,0 °mph,30.42 °in,0.0 °in,Partly Cloudy
2023-03-02,1:30 AM,50 °F,34 °F,54 °%,NE,9 °mph,0 °mph,30.42 °in,0.0 °in,Partly Cloudy
2023-03-02,2:00 AM,48 °F,32 °F,54 °%,NE,7 °mph,0 °mph,30.42 °in,0.0 °in,Partly Cloudy
2023-03-02,2:30 AM,48 °F,32 °F,54 °%,NNE,4 °mph,0 °mph,30.42 °in,0.0 °in,Fair
2023-03-02,3:00 AM,46 °F,34 °F,62 °%,ENE,4 °mph,0 °mph,30.42 °in,0.0 °in,Fair
2023-03-02,3:30 AM,46 °F,32 °F,57 °%,NNE,2 °mph,0 °mph,30.42 °in,0.0 °in,Fair
2023-03-02,4:00 AM,45 °F,34 °F,66 °%,N,4 °mph,0 °mph,30.42 °in,0.0 °in,Fair
2023-03-02,4:30 AM,45 °F,36 °F,71 °%,N,4 °mph,0 °mph,30.42 °in,0.0 °in,Fair
2023-03-02,5:00 AM,45 °F,34 °F,66 °%,N,4 °mph,0 °mph,30.42 °in,0.0 °in,Fair
2023-03-02,5:30 AM,43 °F,36 °F,76 °%,CALM,0 °mph,0 °mph,30.42 °in,0.0 °in,Fair
2023-03-02,6:00 AM,45 °F,34 °F,66 °%,CALM,0 °mph,0 °mph,30.45 °in,0.0 °in,Fair
2023-03-02,6:30 AM,41 °F,34 °F,76 °%,CALM,0 °mph,0 °mph,30.45 °in,0.0 °in,Fair
2023-03-02,7:00 AM,41 °F,36 °F,81 °%,CALM,0 °mph,0 °mph,30.45 °in,0.0 °in,Fair
2023-03-02,7:30 AM,46 °F,34 °F,62 °%,N,7 °mph,0 °mph,30.45 °in,0.0 °in,Haze
2023-03-02,8:00 AM,48 °F,34 °F,57 °%,NNE,7 °mph,0 °mph,30.45 °in,0.0 °in,Haze
2023-03-02,8:30 AM,50 °F,32 °F,50 °%,NNE,9 °mph,0 °mph,30.48 °in,0.0 °in,Fair
2023-03-02,9:00 AM,52 °F,30 °F,44 °%,NNE,9 °mph,0 °mph,30.48 °in,0.0 °in,Fair
2023-03-02,9:30 AM,52 °F,30 °F,44 °%,NNE,9 °mph,0 °mph,30.51 °in,0.0 °in,Fair
2023-03-02,10:00 AM,54 °F,30 °F,41 °%,ENE,9 °mph,0 °mph,30.51 °in,0.0 °in,Fair
2023-03-02,10:30 AM,55 °F,28 °F,36 °%,NE,7 °mph,0 °mph,30.48 °in,0.0 °in,Fair
2023-03-02,11:00 AM,55 °F,27 °F,33 °%,NE,4 °mph,0 °mph,30.48 °in,0.0 °in,Fair
2023-03-02,11:30 AM,55 °F,27 °F,33 °%,E,7 °mph,0 °mph,30.48 °in,0.0 °in,Fair
2023-03-02,12:00 PM,57 °F,25 °F,29 °%,ENE,9 °mph,0 °mph,30.48 °in,0.0 °in,Fair
2023-03-02,12:30 PM,57 °F,23 °F,27 °%,NE,7 °mph,0 °mph,30.45 °in,0.0 °in,Fair
2023-03-02,1:00 PM,57 °F,25 °F,29 °%,ESE,7 °mph,0 °mph,30.45 °in,0.0 °in,Fair
2023-03-02,1:30 PM,59 °F,23 °F,25 °%,VAR,2 °mph,0 °mph,30.42 °in,0.0 °in,Fair
2023-03-02,2:00 PM,59 °F,23 °F,25 °%,NNW,7 °mph,0 °mph,30.42 °in,0.0 °in,Fair
2023-03-02,2:30 PM,59 °F,25 °F,27 °%,N,9 °mph,0 °mph,30.39 °in,0.0 °in,Fair
2023-03-02,3:00 PM,59 °F,25 °F,27 °%,NNW,7 °mph,0 °mph,30.39 °in,0.0 °in,Fair
2023-03-02,3:30 PM,57 °F,23 °F,27 °%,N,4 °mph,0 °mph,30.39 °in,0.0 °in,Fair
2023-03-02,4:00 PM,59 °F,25 °F,27 °%,NW,7 °mph,0 °mph,30.39 °in,0.0 °in,Fair
2023-03-02,4:30 PM,59 °F,25 °F,27 °%,N,7 °mph,0 °mph,30.39 °in,0.0 °in,Fair
2023-03-02,5:00 PM,57 °F,25 °F,29 °%,N,9 °mph,0 °mph,30.39 °in,0.0 °in,Fair
2023-03-02,5:30 PM,57 °F,23 °F,27 °%,NNE,9 °mph,0 °mph,30.39 °in,0.0 °in,Fair
2023-03-02,6:00 PM,54 °F,25 °F,33 °%,ENE,9 °mph,0 °mph,30.39 °in,0.0 °in,Fair
2023-03-02,6:30 PM,52 °F,25 °F,35 °%,ENE,11 °mph,0 °mph,30.39 °in,0.0 °in,Fair
2023-03-02,7:00 PM,50 °F,27 °F,40 °%,ENE,9 °mph,0 °mph,30.39 °in,0.0 °in,Fair
2023-03-02,7:30 PM,46 °F,28 °F,50 °%,ENE,7 °mph,0 °mph,30.39 °in,0.0 °in,Fair
2023-03-02,8:00 PM,50 °F,34 °F,54 °%,E,11 °mph,0 °mph,30.42 °in,0.0 °in,Fair
2023-03-02,8:30 PM,48 °F,37 °F,66 °%,ENE,9 °mph,0 °mph,30.42 °in,0.0 °in,Fair
2023-03-02,9:00 PM,48 °F,39 °F,71 °%,E,9 °mph,0 °mph,30.42 °in,0.0 °in,Fair
2023-03-02,9:30 PM,46 °F,37 °F,71 °%,E,7 °mph,0 °mph,30.42 °in,0.0 °in,Fair
2023-03-02,10:00 PM,46 °F,37 °F,71 °%,E,9 °mph,0 °mph,30.42 °in,0.0 °in,Fair
2023-03-02,10:30 PM,45 °F,37 °F,76 °%,E,7 °mph,0 °mph,30.42 °in,0.0 °in,Fair
2023-03-02,11:00 PM,45 °F,37 °F,76 °%,E,9 °mph,0 °mph,30.39 °in,0.0 °in,Fair
2023-03-02,11:30 PM,45 °F,37 °F,76 °%,E,7 °mph,0 °mph,30.42 °in,0.0 °in,Fair
